1着_人気,2着_人気,3着_人気,レース名,年,単勝_払戻,複勝_払戻1,複勝_払戻2,複勝_払戻3,馬連_払戻,ワイド1_払戻,ワイド2_払戻,ワイド3_払戻,馬単_払戻,3連複_払戻,3連単_払戻
11.0,5.0,13.0,feb,2024,3800,850,510,1030,27850,5500.0,11050.0,4820.0,62030.0,197060.0,1530500.0
1.0,3.0,4.0,feb,2023,220,130,230,260,970,450.0,470.0,1180.0,1420.0,2630.0,7700.0
2.0,5.0,4.0,feb,2022,510,230,310,410,2640,1230.0,1980.0,3830.0,4690.0,16200.0,76940.0
1.0,9.0,8.0,feb,2021,330,180,510,400,6620,2130.0,1560.0,3620.0,9300.0,24940.0,101710.0
1.0,16.0,3.0,feb,2020,280,160,2160,220,36230,11170.0,520.0,18320.0,46980.0,95310.0,464920.0
1.0,2.0,8.0,feb,2019,260,130,120,340,430,230.0,1100.0,760.0,750.0,2310.0,6620.0
4.0,1.0,6.0,feb,2018,1070,280,130,350,1140,520.0,2620.0,720.0,3530.0,6540.0,41560.0
2.0,5.0,1.0,feb,2017,500,180,180,150,1470,550.0,530.0,430.0,2520.0,2140.0,9240.0
2.0,1.0,7.0,feb,2016,510,180,120,420,680,320.0,1690.0,1070.0,1510.0,3820.0,16010.0
1.0,5.0,3.0,feb,2015,210,130,300,190,1570,650.0,390.0,1110.0,2100.0,3060.0,12370.0
16.0,2.0,1.0,feb,2014,27210,3310,140,140,84380,15760.0,14890.0,240.0,256050.0,55360.0,949120.0
3.0,9.0,7.0,feb,2013,670,250,600,250,10330,2990.0,760.0,2000.0,17580.0,16150.0,111130.0
7.0,4.0,2.0,feb,2012,2430,760,660,310,10510,2430.0,1160.0,950.0,26210.0,15530.0,141910.0
1.0,3.0,4.0,feb,2011,350,160,220,220,1100,490.0,560.0,860.0,2040.0,3200.0,12240.0
1.0,5.0,2.0,feb,2010,170,110,240,160,890,330.0,210.0,840.0,1190.0,1160.0,4190.0
6.0,3.0,1.0,feb,2009,2060,450,200,130,4710,1700.0,1180.0,450.0,14070.0,5730.0,57720.0
1.0,7.0,3.0,feb,2008,240,140,360,160,2820,950.0,350.0,1020.0,3520.0,3820.0,17550.0
3.0,2.0,9.0,feb,2007,590,220,200,590,1490,740.0,2000.0,2260.0,3210.0,11710.0,54210.0
1.0,2.0,11.0,feb,2006,270,130,160,750,660,290.0,1860.0,1820.0,1090.0,5920.0,21200.0
1.0,5.0,6.0,feb,2005,200,130,290,350,1180,520.0,670.0,1490.0,1540.0,4450.0,12220.0
1.0,3.0,4.0,feb,2003,310,150,240,280,1370,610.0,700.0,1380.0,2150.0,4390.0,
1.0,4.0,2.0,feb,2002,350,150,210,160,1350,630.0,410.0,700.0,,,
5.0,2.0,4.0,feb,2001,1040,330,170,280,2130,920.0,1330.0,920.0,,,
4.0,2.0,7.0,feb,2000,710,190,200,270,1530,600.0,1030.0,830.0,,,
2.0,7.0,4.0,feb,1999,470,220,310,230,3720,,,,,,
6.0,8.0,10.0,feb,1998,1120,440,610,890,11730,,,,,,
6.0,1.0,2.0,feb,1997,1190,260,140,150,1570,,,,,,
3.0,9.0,6.0,feb,1996,460,220,660,370,6910,,,,,,
2.0,3.0,6.0,feb,1995,540,170,210,420,1560,,,,,,
6.0,2.0,5.0,taka,2024,960,300,180,340,2110,760.0,1900.0,1190.0,4920.0,10020.0,58740.0
12.0,2.0,13.0,taka,2023,3230,660,220,770,7920,2360.0,6520.0,4290.0,24330.0,81180.0,668280.0
8.0,5.0,17.0,taka,2022,2780,660,420,4500,13560,3490.0,40170.0,28390.0,34720.0,525080.0,2784560.0
2.0,1.0,3.0,taka,2021,600,210,140,190,1010,430.0,680.0,450.0,2170.0,2200.0,9770.0
3.0,12.0,17.0,taka,2019,780,320,2210,6410,30530,7590.0,30460.0,88520.0,49630.0,870740.0,4497470.0
2.0,3.0,10.0,taka,2018,550,240,220,750,1690,700.0,2290.0,2760.0,3170.0,15910.0,60450.0
5.0,2.0,1.0,taka,2017,870,230,180,160,2150,770.0,700.0,480.0,4750.0,3230.0,23880.0
1.0,2.0,3.0,taka,2016,390,150,150,170,890,370.0,450.0,520.0,1730.0,1740.0,6690.0
4.0,6.0,3.0,taka,2015,650,260,490,230,7480,2930.0,1040.0,1980.0,10770.0,14000.0,81560.0
3.0,8.0,1.0,taka,2014,770,260,350,140,10400,2640.0,540.0,720.0,17030.0,7990.0,71040.0
1.0,2.0,10.0,taka,2013,130,110,200,1230,470,240.0,2320.0,8340.0,560.0,11340.0,27200.0
2.0,3.0,1.0,taka,2012,390,130,160,120,950,330.0,230.0,420.0,1750.0,1070.0,5930.0
3.0,4.0,11.0,taka,2011,450,170,290,1380,2370,780.0,3900.0,6730.0,3970.0,33730.0,129290.0
1.0,6.0,3.0,taka,2010,370,160,350,180,2690,1110.0,420.0,1230.0,4450.0,4230.0,23750.0
3.0,1.0,15.0,taka,2009,760,230,180,910,1750,740.0,5690.0,3220.0,4410.0,35840.0,191140.0
4.0,5.0,1.0,taka,2008,710,240,300,140,4610,1550.0,510.0,770.0,8750.0,4960.0,38840.0
1.0,13.0,2.0,taka,2007,450,180,2040,180,40250,6770.0,390.0,11860.0,52980.0,69690.0,546450.0
4.0,2.0,3.0,taka,2006,930,260,210,260,2290,900.0,1110.0,760.0,5550.0,5240.0,36620.0
4.0,6.0,1.0,taka,2005,1180,240,420,130,6880,1620.0,410.0,700.0,14570.0,4010.0,47120.0
3.0,2.0,10.0,taka,2003,1010,370,210,590,3520,1220.0,4070.0,1960.0,7340.0,31580.0,
3.0,2.0,4.0,taka,2002,660,230,150,340,1140,510.0,1670.0,990.0,,,
1.0,3.0,16.0,taka,2001,290,150,140,2190,590,290.0,6540.0,8890.0,,,
4.0,8.0,2.0,taka,2000,1270,370,530,140,16330,3170.0,760.0,1000.0,,,
8.0,1.0,9.0,taka,1999,1860,520,220,540,4360,,,,,,
2.0,7.0,5.0,taka,1998,490,160,320,270,2450,,,,,,
6.0,3.0,4.0,taka,1997,1470,360,310,340,5220,,,,,,
3.0,4.0,1.0,taka,1996,560,150,160,110,1540,,,,,,
3.0,6.0,2.0,taka,1995,830,260,310,170,4340,,,,,,
2.0,3.0,11.0,osaka,2024,550,220,250,730,1930,900.0,3120.0,3700.0,3720.0,22720.0,93050.0
2.0,1.0,10.0,osaka,2023,360,150,150,510,830,370.0,1760.0,1900.0,1580.0,8980.0,31240.0
8.0,3.0,7.0,osaka,2022,5870,1140,420,1240,10980,1990.0,7110.0,3160.0,39630.0,50990.0,537590.0
4.0,6.0,1.0,osaka,2021,1220,230,420,110,19080,2750.0,390.0,850.0,37610.0,7240.0,106210.0
2.0,4.0,1.0,osaka,2020,410,140,160,140,1110,370.0,340.0,390.0,1970.0,1350.0,7810.0
9.0,2.0,4.0,osaka,2019,2220,450,180,320,3680,1090.0,2880.0,880.0,10940.0,10740.0,93560.0
1.0,6.0,2.0,osaka,2018,350,150,310,140,2930,1020.0,300.0,640.0,3750.0,2780.0,17450.0
1.0,7.0,4.0,osaka,2017,240,110,280,280,2320,540.0,480.0,1800.0,3390.0,4830.0,23910.0
2.0,5.0,4.0,osaka,2016,390,160,190,190,1470,530.0,500.0,620.0,2510.0,2540.0,12810.0
4.0,1.0,6.0,osaka,2015,1200,220,110,250,840,370.0,1030.0,390.0,2940.0,1980.0,16620.0
1.0,2.0,5.0,osaka,2013,120,110,150,220,360,170.0,270.0,560.0,420.0,770.0,1670.0
6.0,1.0,2.0,osaka,2012,900,220,120,170,990,380.0,700.0,280.0,2660.0,1740.0,11540.0
1.0,8.0,3.0,osaka,2011,370,140,900,190,6910,1650.0,340.0,3060.0,11320.0,10390.0,74720.0
6.0,9.0,1.0,osaka,2010,2150,290,530,100,25640,3060.0,330.0,650.0,77450.0,5060.0,103370.0
3.0,1.0,4.0,osaka,2009,690,160,110,220,520,230.0,730.0,370.0,1600.0,1540.0,8640.0
1.0,7.0,4.0,osaka,2008,200,120,490,330,2750,820.0,540.0,3120.0,3310.0,7250.0,28050.0
1.0,2.0,8.0,osaka,2007,190,120,160,500,540,250.0,920.0,1720.0,810.0,4290.0,13080.0
3.0,6.0,5.0,osaka,2006,770,290,580,380,5860,1700.0,1910.0,3260.0,9660.0,27540.0,150590.0
1.0,4.0,6.0,osaka,2005,310,140,180,370,890,360.0,890.0,1040.0,1590.0,4310.0,16540.0
1.0,8.0,5.0,osaka,2004,180,120,520,210,4290,1110.0,380.0,2520.0,5760.0,6760.0,
3.0,1.0,2.0,osaka,2003,740,160,120,130,780,320.0,470.0,200.0,2440.0,940.0,
1.0,3.0,7.0,osaka,2002,290,130,180,500,780,380.0,1090.0,1810.0,,,
9.0,4.0,5.0,osaka,2001,7340,980,380,390,38890,5080.0,4250.0,1440.0,,,
1.0,3.0,2.0,osaka,2000,220,110,160,160,640,280.0,250.0,390.0,,,
1.0,2.0,3.0,osaka,1999,290,120,170,130,870,,,,,,
1.0,3.0,4.0,osaka,1998,120,110,160,200,380,,,,,,
1.0,4.0,2.0,osaka,1997,150,100,150,110,530,,,,,,
1.0,8.0,10.0,osaka,1996,190,120,410,490,1870,,,,,,
12.0,6.0,5.0,osaka,1995,14040,1580,590,290,62930,,,,,,
2.0,1.0,7.0,ouka,2024,430,150,140,340,620,280.0,970.0,940.0,1240.0,3260.0,11470.0
1.0,6.0,5.0,ouka,2023,160,110,310,330,1280,560.0,570.0,2540.0,1520.0,4750.0,13220.0
7.0,3.0,6.0,ouka,2022,1450,360,220,400,3740,1250.0,2100.0,1110.0,9050.0,11740.0,72700.0
2.0,1.0,8.0,ouka,2021,360,140,130,350,670,290.0,1030.0,950.0,1280.0,2660.0,10400.0
2.0,1.0,9.0,ouka,2020,420,190,170,730,1110,490.0,2880.0,2480.0,1930.0,12590.0,47760.0
2.0,7.0,3.0,ouka,2019,340,170,400,200,4410,1280.0,420.0,1410.0,5700.0,5990.0,31810.0
2.0,1.0,3.0,ouka,2018,390,140,110,140,480,230.0,430.0,230.0,990.0,830.0,3780.0
8.0,3.0,1.0,ouka,2017,4080,480,240,110,17000,2760.0,880.0,420.0,45330.0,5020.0,94890.0
3.0,2.0,6.0,ouka,2016,500,240,260,810,960,320.0,1320.0,1430.0,1950.0,5650.0,20330.0
5.0,7.0,8.0,ouka,2015,1020,260,610,750,7860,2030.0,2260.0,3910.0,17370.0,34480.0,233390.0
1.0,2.0,5.0,ouka,2014,120,110,170,270,370,200.0,340.0,960.0,450.0,1310.0,2540.0
7.0,2.0,14.0,ouka,2013,1800,460,200,1860,3300,1100.0,12830.0,7100.0,9350.0,102860.0,679300.0
2.0,4.0,3.0,ouka,2012,490,180,300,270,1850,720.0,740.0,1180.0,3150.0,5110.0,24020.0
2.0,1.0,4.0,ouka,2011,380,140,120,230,620,260.0,560.0,470.0,1230.0,1480.0,5880.0
1.0,3.0,11.0,ouka,2010,280,130,310,550,1440,570.0,1020.0,3220.0,2430.0,8500.0,38520.0
1.0,2.0,5.0,ouka,2009,120,110,270,330,640,320.0,420.0,1650.0,780.0,2480.0,5680.0
12.0,15.0,5.0,ouka,2008,4340,1120,3310,430,196630,35680.0,5880.0,22260.0,334440.0,778350.0,7002920.0
3.0,1.0,7.0,ouka,2007,590,130,110,510,270,150.0,1570.0,830.0,1000.0,2830.0,12680.0
6.0,1.0,5.0,ouka,2006,1300,300,140,280,1550,660.0,1440.0,590.0,4370.0,3810.0,27460.0
2.0,1.0,10.0,ouka,2005,460,190,170,490,1220,510.0,1690.0,1630.0,2550.0,8440.0,36790.0
2.0,13.0,1.0,ouka,2003,350,150,820,180,9210,2400.0,430.0,3180.0,11370.0,13050.0,
13.0,7.0,1.0,ouka,2002,4290,950,400,270,34440,7980.0,4910.0,1620.0,,,
1.0,4.0,2.0,ouka,2001,130,100,290,130,1080,590.0,220.0,830.0,,,
6.0,7.0,3.0,ouka,2000,1590,380,530,240,8010,2060.0,1200.0,1550.0,,,
4.0,2.0,5.0,ouka,1999,890,260,170,310,1940,,,,,,
3.0,4.0,9.0,ouka,1998,620,220,290,540,2010,,,,,,
1.0,2.0,8.0,ouka,1997,260,140,160,570,510,,,,,,
10.0,4.0,9.0,ouka,1996,2730,780,350,590,14230,,,,,,
7.0,3.0,2.0,ouka,1995,2130,380,220,190,4420,,,,,,
2.0,7.0,3.0,satuki,2024,480,220,390,220,3550,1460.0,610.0,1620.0,5570.0,5940.0,29240.0
2.0,5.0,1.0,satuki,2023,520,220,270,160,3510,1290.0,560.0,620.0,5520.0,3770.0,24780.0
5.0,3.0,1.0,satuki,2022,910,240,210,140,3570,1220.0,530.0,550.0,7540.0,4190.0,32840.0
2.0,8.0,6.0,satuki,2021,370,170,490,380,4300,1540.0,1150.0,3560.0,5510.0,20000.0,82320.0
1.0,3.0,8.0,satuki,2020,270,140,170,690,660,330.0,2250.0,2610.0,1120.0,9150.0,26310.0
1.0,4.0,3.0,satuki,2019,170,110,200,160,950,360.0,270.0,660.0,1140.0,1480.0,4390.0
7.0,9.0,8.0,satuki,2018,1450,430,580,530,12880,3250.0,3010.0,4290.0,23570.0,53410.0,372080.0
9.0,4.0,12.0,satuki,2017,2240,650,320,1340,8710,2250.0,16960.0,6770.0,20720.0,176030.0,1064360.0
8.0,3.0,1.0,satuki,2016,3090,530,160,150,6220,1730.0,1760.0,320.0,17680.0,6000.0,70390.0
3.0,2.0,4.0,satuki,2015,460,190,150,290,790,390.0,1130.0,860.0,1530.0,3110.0,12360.0
2.0,1.0,8.0,satuki,2014,510,190,150,470,920,390.0,1990.0,1250.0,1900.0,7690.0,33490.0
1.0,2.0,3.0,satuki,2013,370,140,150,140,840,360.0,320.0,330.0,1750.0,1210.0,5920.0
4.0,2.0,3.0,satuki,2012,710,210,160,200,1220,500.0,700.0,460.0,3190.0,2050.0,12620.0
4.0,1.0,8.0,satuki,2011,1080,300,130,550,1260,630.0,3840.0,1330.0,3740.0,9220.0,55450.0
1.0,6.0,11.0,satuki,2010,230,130,280,720,1260,540.0,1440.0,4080.0,1920.0,11410.0,35220.0
3.0,8.0,4.0,satuki,2009,610,280,1470,870,11940,3360.0,1570.0,10240.0,18390.0,67600.0,390930.0
7.0,6.0,1.0,satuki,2008,1710,430,380,150,10260,2590.0,1050.0,940.0,20300.0,11230.0,82750.0
7.0,15.0,2.0,satuki,2007,1730,590,2110,190,94630,20070.0,1190.0,8230.0,178340.0,205370.0,1623250.0
6.0,10.0,2.0,satuki,2006,1450,430,760,260,13980,3290.0,1380.0,3000.0,29670.0,34700.0,273310.0
1.0,12.0,3.0,satuki,2005,130,110,1030,220,5830,1840.0,280.0,7020.0,6100.0,14280.0,70780.0
1.0,2.0,3.0,satuki,2003,360,130,150,190,820,320.0,420.0,590.0,1480.0,1480.0,
15.0,8.0,1.0,satuki,2002,11590,1970,450,130,53090,10450.0,5050.0,1180.0,,,
1.0,3.0,2.0,satuki,2001,130,100,200,120,780,310.0,150.0,390.0,,,
2.0,1.0,13.0,satuki,2000,340,140,150,1250,720,350.0,4670.0,4190.0,,,
5.0,6.0,2.0,satuki,1999,1110,310,360,150,6730,,,,,,
2.0,3.0,1.0,satuki,1998,540,140,160,110,1710,,,,,,
11.0,10.0,12.0,satuki,1997,5180,1050,810,1220,51790,,,,,,
4.0,1.0,9.0,satuki,1996,610,190,150,690,910,,,,,,
3.0,4.0,11.0,satuki,1995,690,250,340,580,2810,,,,,,
1.0,5.0,6.0,haruten,2024,280,140,250,490,1070,400.0,1290.0,2470.0,1450.0,7750.0,23960.0
2.0,5.0,6.0,haruten,2023,430,160,370,400,4000,1040.0,1000.0,3110.0,5990.0,13570.0,65060.0
2.0,1.0,4.0,haruten,2022,490,180,120,260,520,270.0,950.0,500.0,1230.0,1580.0,6970.0
3.0,1.0,4.0,haruten,2021,520,160,150,200,940,360.0,500.0,530.0,2220.0,2040.0,11490.0
1.0,11.0,4.0,haruten,2020,200,130,830,290,5770,1790.0,510.0,5160.0,7410.0,13500.0,55200.0
1.0,6.0,8.0,haruten,2019,280,150,320,630,1780,710.0,1660.0,4260.0,2470.0,16410.0,49110.0
2.0,1.0,4.0,haruten,2018,600,190,140,240,1030,400.0,810.0,530.0,2510.0,2060.0,11650.0
1.0,4.0,2.0,haruten,2017,220,110,160,110,1040,260.0,140.0,350.0,1430.0,610.0,3780.0
2.0,13.0,3.0,haruten,2016,450,170,1390,240,20160,3770.0,540.0,7840.0,29950.0,32350.0,242730.0
2.0,7.0,10.0,haruten,2015,460,260,630,610,6060,2300.0,2460.0,6010.0,8480.0,57160.0,236300.0
4.0,3.0,12.0,haruten,2014,1150,310,220,1470,2080,740.0,7050.0,3230.0,5670.0,38790.0,211180.0
2.0,3.0,6.0,haruten,2013,620,300,650,1540,3190,930.0,2290.0,3750.0,6500.0,21880.0,111830.0
14.0,3.0,2.0,haruten,2012,15960,3720,400,350,61570,8400.0,8870.0,760.0,208630.0,97140.0,1452520.0
7.0,3.0,5.0,haruten,2011,1690,550,300,450,6810,2280.0,2560.0,1600.0,15590.0,25530.0,189840.0
2.0,4.0,16.0,haruten,2010,590,230,300,2860,2320,960.0,18280.0,19880.0,4190.0,208890.0,911660.0
12.0,4.0,5.0,haruten,2009,4650,870,270,370,10200,2690.0,4370.0,1360.0,22530.0,32390.0,221080.0
3.0,2.0,1.0,haruten,2008,580,190,200,140,2000,810.0,380.0,500.0,4430.0,1880.0,13500.0
2.0,11.0,4.0,haruten,2007,450,220,1420,290,20750,5350.0,960.0,4620.0,25210.0,44540.0,306390.0
1.0,2.0,8.0,haruten,2006,110,110,170,470,380,210.0,750.0,1990.0,430.0,2840.0,4320.0
13.0,14.0,4.0,haruten,2005,3510,890,1570,270,85020,16760.0,3310.0,5910.0,169320.0,225950.0,1939420.0
7.0,8.0,1.0,haruten,2003,1610,400,390,120,16490,4600.0,930.0,1040.0,31770.0,12300.0,
2.0,3.0,1.0,haruten,2002,290,120,110,100,540,210.0,170.0,170.0,,,
1.0,3.0,2.0,haruten,2001,200,110,140,120,500,230.0,190.0,310.0,,,
1.0,3.0,2.0,haruten,2000,170,100,110,100,290,130.0,130.0,150.0,,,
1.0,3.0,2.0,haruten,1999,230,100,110,110,430,,,,,,
2.0,10.0,5.0,haruten,1998,230,130,550,360,4770,,,,,,
2.0,1.0,3.0,haruten,1997,370,130,120,130,440,,,,,,
3.0,1.0,4.0,haruten,1996,1450,280,120,270,1210,,,,,,
4.0,6.0,3.0,haruten,1995,580,280,330,190,4090,,,,,,
9.0,8.0,3.0,nhk,2023,2220,490,390,270,12990,3310.0,2680.0,1760.0,30450.0,27690.0,260760.0
4.0,3.0,18.0,nhk,2022,710,260,260,4780,2490,1110.0,48720.0,40660.0,4820.0,416750.0,1532370.0
2.0,7.0,1.0,nhk,2021,370,150,320,140,3690,980.0,300.0,660.0,4960.0,3540.0,21180.0
9.0,1.0,6.0,nhk,2020,2960,810,180,440,4200,1570.0,6240.0,1230.0,11900.0,19620.0,152750.0
2.0,14.0,7.0,nhk,2019,430,210,1270,750,17200,3480.0,1840.0,12620.0,22440.0,97390.0,410680.0
6.0,2.0,9.0,nhk,2018,1280,370,230,520,3140,1230.0,3360.0,2180.0,7470.0,21840.0,129560.0
2.0,13.0,6.0,nhk,2017,580,220,950,320,17290,4460.0,1000.0,6400.0,27730.0,50600.0,296160.0
1.0,2.0,12.0,nhk,2016,230,140,210,660,940,430.0,1990.0,3520.0,1470.0,11190.0,33030.0
3.0,4.0,2.0,nhk,2015,640,210,260,230,2800,1120.0,780.0,1260.0,5990.0,6200.0,36720.0
1.0,17.0,12.0,nhk,2014,190,140,1940,1600,14760,4020.0,3350.0,29840.0,15860.0,188380.0,684020.0
10.0,6.0,8.0,nhk,2013,3430,730,510,770,21890,5290.0,7400.0,4380.0,56570.0,137530.0,1235600.0
1.0,3.0,15.0,nhk,2012,370,170,300,1630,1480,760.0,8070.0,12680.0,2630.0,72990.0,262580.0
1.0,2.0,4.0,nhk,2011,460,170,180,190,1170,530.0,520.0,650.0,2160.0,2040.0,7920.0
1.0,5.0,3.0,nhk,2010,260,140,340,210,2040,820.0,400.0,1370.0,2680.0,3860.0,17180.0
10.0,5.0,13.0,nhk,2009,3980,1120,380,2850,14180,3920.0,19610.0,11750.0,39660.0,318540.0,2381660.0
1.0,3.0,14.0,nhk,2008,430,180,290,760,1980,800.0,3150.0,5120.0,3600.0,28130.0,116880.0
17.0,1.0,18.0,nhk,2007,7600,1910,200,3900,30800,7840.0,58890.0,16990.0,85620.0,1221770.0,9739870.0
3.0,9.0,6.0,nhk,2006,870,290,630,590,6110,1720.0,1870.0,4250.0,11590.0,30100.0,201600.0
2.0,10.0,4.0,nhk,2005,390,180,620,270,4890,1410.0,810.0,3230.0,6410.0,12760.0,63150.0
9.0,5.0,6.0,nhk,2003,2600,740,390,540,17520,4870.0,6000.0,2570.0,42390.0,96490.0,
4.0,5.0,1.0,nhk,2002,1430,270,240,110,4830,1050.0,420.0,400.0,,,
1.0,13.0,12.0,nhk,2001,120,110,1510,1100,6880,2610.0,2060.0,46660.0,,,
2.0,5.0,1.0,nhk,2000,430,150,250,120,1880,790.0,330.0,670.0,,,
6.0,2.0,3.0,nhk,1999,820,290,190,190,1560,,,,,,
1.0,6.0,5.0,nhk,1998,180,120,470,330,1840,,,,,,
1.0,2.0,14.0,nhk,1997,200,120,130,900,380,,,,,,
4.0,2.0,7.0,nhk,1996,1180,390,210,510,2950,,,,,,
4.0,3.0,1.0,victoria,2023,760,200,170,120,1960,640.0,390.0,340.0,4170.0,1720.0,12830.0
4.0,3.0,6.0,victoria,2022,570,230,190,360,2010,730.0,1460.0,1470.0,4010.0,8270.0,43780.0
1.0,10.0,5.0,victoria,2021,130,110,790,210,3620,1550.0,330.0,5080.0,4630.0,8460.0,28750.0
1.0,4.0,5.0,victoria,2020,140,110,220,300,750,390.0,530.0,1530.0,950.0,2960.0,7340.0
5.0,4.0,11.0,victoria,2019,940,350,250,670,3700,1410.0,4040.0,3150.0,7670.0,35490.0,175040.0
8.0,1.0,7.0,victoria,2018,1940,400,170,350,4090,1320.0,1330.0,870.0,11730.0,8850.0,63640.0
6.0,11.0,7.0,victoria,2017,1350,440,1580,480,42710,8380.0,1890.0,10530.0,73750.0,123870.0,918700.0
7.0,1.0,2.0,victoria,2016,1770,410,140,170,3510,1310.0,1790.0,350.0,9790.0,6090.0,48310.0
5.0,12.0,18.0,victoria,2015,1410,490,1020,8500,36880,5410.0,86300.0,86580.0,73990.0,2860480.0,20705810.0
11.0,3.0,6.0,victoria,2014,2830,760,280,490,8450,2960.0,5100.0,1980.0,28050.0,50720.0,407940.0
1.0,12.0,5.0,victoria,2013,310,150,1020,360,8030,2570.0,870.0,7150.0,12600.0,35770.0,193570.0
4.0,7.0,3.0,victoria,2012,720,220,400,240,5510,1570.0,780.0,1540.0,10720.0,10790.0,75320.0
2.0,1.0,3.0,victoria,2011,410,120,110,200,230,140.0,460.0,330.0,740.0,620.0,3620.0
1.0,8.0,11.0,victoria,2010,150,110,850,920,2490,1160.0,1620.0,12220.0,2780.0,29700.0,85770.0
1.0,11.0,7.0,victoria,2009,170,120,1000,550,5310,2130.0,1030.0,5370.0,6410.0,19770.0,80580.0
5.0,1.0,4.0,victoria,2008,1340,300,130,210,1670,710.0,990.0,460.0,4520.0,3240.0,23000.0
12.0,9.0,8.0,victoria,2007,6030,1440,810,790,30740,8520.0,10770.0,5430.0,73240.0,235020.0,2283960.0
2.0,3.0,4.0,victoria,2006,390,150,170,230,1000,410.0,500.0,740.0,1860.0,2770.0,11650.0
1.0,2.0,15.0,oaks,2023,140,110,180,1090,590,300.0,2610.0,8810.0,680.0,16840.0,34140.0
3.0,10.0,4.0,oaks,2022,650,230,730,340,8150,2890.0,1210.0,3850.0,12750.0,19360.0,119010.0
3.0,2.0,16.0,oaks,2021,890,250,190,2820,1880,700.0,24940.0,14430.0,4690.0,109190.0,532180.0
1.0,7.0,13.0,oaks,2020,160,130,420,830,1800,770.0,1750.0,5740.0,1950.0,15020.0,42410.0
1.0,12.0,2.0,oaks,2019,400,200,1400,170,25140,6430.0,470.0,4960.0,28210.0,28240.0,179960.0
1.0,4.0,2.0,oaks,2018,170,110,200,120,1190,370.0,160.0,390.0,1410.0,750.0,3360.0
1.0,6.0,2.0,oaks,2017,240,130,350,190,2290,830.0,370.0,1680.0,2790.0,4600.0,20130.0
1.0,2.0,5.0,oaks,2016,200,110,130,320,420,200.0,660.0,910.0,650.0,2070.0,5790.0
3.0,1.0,6.0,oaks,2015,680,210,160,300,1160,510.0,1020.0,890.0,3030.0,4140.0,20150.0
2.0,1.0,3.0,oaks,2014,980,150,110,270,380,190.0,910.0,400.0,1730.0,1530.0,12850.0
9.0,5.0,1.0,oaks,2013,2850,710,260,150,13880,3670.0,2310.0,490.0,31120.0,15610.0,150480.0
3.0,2.0,9.0,oaks,2012,560,200,150,560,820,380.0,2620.0,1200.0,1900.0,6640.0,30610.0
7.0,8.0,2.0,oaks,2011,3720,800,780,140,42750,9510.0,1720.0,1810.0,104460.0,45120.0,548190.0
1.0,2.0,4.0,oaks,2009,140,110,140,290,320,180.0,480.0,780.0,440.0,1250.0,2430.0
4.0,13.0,5.0,oaks,2008,970,380,970,420,24080,7320.0,2050.0,4480.0,39320.0,61600.0,440360.0
5.0,1.0,8.0,oaks,2007,1170,310,150,500,1640,710.0,2380.0,1210.0,4590.0,10450.0,57000.0
3.0,5.0,7.0,oaks,2006,670,280,500,560,4180,1800.0,2250.0,3370.0,8220.0,33430.0,164300.0
1.0,2.0,3.0,oaks,2005,150,110,180,200,630,250.0,350.0,770.0,820.0,1280.0,3330.0
6.0,4.0,7.0,oaks,2004,2140,550,400,510,10080,2700.0,3140.0,3240.0,30430.0,63460.0,
2.0,13.0,9.0,oaks,2003,560,200,1980,1240,24480,5770.0,3210.0,23330.0,33950.0,95530.0,
4.0,12.0,2.0,oaks,2002,1050,360,800,240,13590,4040.0,1470.0,2900.0,,,
5.0,4.0,1.0,oaks,2001,1760,300,210,130,4860,1470.0,780.0,510.0,,,
1.0,5.0,16.0,oaks,2000,370,150,260,2430,1630,680.0,7600.0,17390.0,,,
7.0,1.0,3.0,oaks,1999,1690,460,150,230,2840,,,,,,
7.0,2.0,1.0,oaks,1998,1340,300,160,130,2300,,,,,,
2.0,13.0,4.0,oaks,1997,290,140,900,320,12550,,,,,,
1.0,4.0,8.0,oaks,1996,250,160,270,580,1480,,,,,,
3.0,5.0,7.0,oaks,1995,460,170,310,420,1980,,,,,,
2.0,6.0,4.0,oaks,1994,470,190,410,250,3340,,,,,,
4.0,1.0,6.0,derby,2023,830,200,120,380,690,360.0,1970.0,820.0,2330.0,4700.0,29810.0
3.0,2.0,7.0,derby,2022,420,160,150,410,730,340.0,1120.0,1390.0,1440.0,4570.0,15770.0
4.0,1.0,9.0,derby,2021,1170,270,120,550,1010,450.0,3880.0,1030.0,3360.0,8800.0,58980.0
1.0,2.0,10.0,derby,2020,140,110,140,520,270,170.0,790.0,1830.0,350.0,2480.0,5140.0
12.0,3.0,2.0,derby,2019,9310,930,210,190,11200,1990.0,2280.0,380.0,47090.0,12050.0,199060.0
5.0,4.0,16.0,derby,2018,1250,410,390,3640,7950,2710.0,34420.0,30290.0,15520.0,521600.0,2856300.0
2.0,3.0,1.0,derby,2017,530,180,200,150,1620,650.0,470.0,490.0,2860.0,2220.0,11870.0
3.0,2.0,1.0,derby,2016,400,130,120,140,700,240.0,280.0,310.0,1420.0,850.0,4600.0
1.0,5.0,3.0,derby,2015,190,130,310,210,1980,730.0,400.0,1420.0,2220.0,3950.0,15760.0
3.0,1.0,12.0,derby,2014,560,200,140,1220,850,420.0,5210.0,3580.0,1860.0,27470.0,103300.0
1.0,3.0,8.0,derby,2013,290,160,240,960,970,460.0,2630.0,4470.0,1600.0,17130.0,54950.0
3.0,5.0,7.0,derby,2012,850,310,390,440,5680,1730.0,1450.0,2080.0,10180.0,14160.0,87380.0
1.0,10.0,8.0,derby,2011,300,150,660,450,3380,1290.0,990.0,5390.0,4540.0,22950.0,100300.0
7.0,5.0,1.0,derby,2010,3190,490,500,120,16720,4080.0,810.0,900.0,46210.0,10630.0,152910.0
2.0,5.0,8.0,derby,2009,770,390,430,620,3760,1650.0,4090.0,3350.0,7870.0,40320.0,201960.0
1.0,12.0,6.0,derby,2008,360,180,880,350,13270,3920.0,880.0,5680.0,17560.0,37690.0,201300.0
3.0,14.0,4.0,derby,2007,1050,420,2140,350,54470,12900.0,2000.0,15140.0,97890.0,248790.0,2155760.0
1.0,4.0,7.0,derby,2006,380,150,220,280,1120,400.0,680.0,1170.0,2110.0,3420.0,12650.0
1.0,2.0,7.0,derby,2005,110,110,210,360,540,270.0,550.0,1880.0,590.0,2410.0,4250.0
1.0,3.0,7.0,derby,2003,260,120,190,520,760,360.0,1220.0,2670.0,1210.0,5930.0,
1.0,3.0,6.0,derby,2002,260,130,180,310,870,400.0,760.0,1050.0,,,
1.0,3.0,11.0,derby,2001,230,120,170,910,560,280.0,2370.0,3170.0,,,
3.0,1.0,6.0,derby,2000,510,210,120,540,600,350.0,2230.0,1120.0,,,
2.0,1.0,3.0,derby,1999,390,140,130,140,820,,,,,,
1.0,14.0,15.0,derby,1998,200,130,1420,1680,13100,,,,,,
6.0,3.0,1.0,derby,1997,1360,390,210,130,4860,,,,,,
7.0,1.0,9.0,derby,1996,2760,660,150,730,3420,,,,,,
1.0,2.0,8.0,derby,1995,310,130,140,290,590,,,,,,
1.0,4.0,10.0,derby,1994,120,110,320,520,1020,,,,,,
4.0,3.0,1.0,yasuda,2023,740,220,210,160,1890,770.0,450.0,460.0,4240.0,2290.0,14510.0
4.0,2.0,8.0,yasuda,2022,820,260,210,520,1740,830.0,2770.0,1470.0,3740.0,11810.0,64140.0
8.0,1.0,4.0,yasuda,2021,4760,710,110,240,2950,1160.0,5460.0,400.0,12090.0,8860.0,110420.0
3.0,1.0,2.0,yasuda,2020,1200,180,110,130,650,260.0,590.0,170.0,2840.0,840.0,11240.0
4.0,3.0,1.0,yasuda,2019,1920,290,240,110,5670,1460.0,600.0,470.0,13660.0,3690.0,43720.0
9.0,5.0,1.0,yasuda,2018,1570,410,290,160,7370,2100.0,1020.0,680.0,15290.0,6560.0,63280.0
7.0,8.0,3.0,yasuda,2017,1240,380,440,340,10480,2870.0,2730.0,2720.0,20410.0,43500.0,283000.0
8.0,1.0,6.0,yasuda,2016,3690,520,130,450,3230,1130.0,4820.0,840.0,11580.0,14990.0,153560.0
1.0,3.0,12.0,yasuda,2015,370,210,240,740,1740,910.0,4590.0,4030.0,2680.0,40690.0,127190.0
1.0,16.0,10.0,yasuda,2014,170,110,2200,600,18730,5890.0,1070.0,25990.0,20330.0,91160.0,373470.0
1.0,3.0,12.0,yasuda,2013,400,200,210,680,1470,620.0,3230.0,3120.0,2570.0,18160.0,62800.0
2.0,13.0,15.0,yasuda,2012,670,250,730,870,8510,2670.0,3150.0,9700.0,13920.0,92530.0,468600.0
9.0,5.0,3.0,yasuda,2011,2930,710,420,340,12270,2980.0,3750.0,1580.0,25810.0,44090.0,335600.0
8.0,6.0,5.0,yasuda,2010,1390,470,490,360,12640,4270.0,2920.0,2670.0,26640.0,53850.0,348740.0
1.0,2.0,10.0,yasuda,2009,180,110,130,620,290,170.0,1300.0,1920.0,460.0,4100.0,10000.0
2.0,5.0,9.0,yasuda,2008,410,190,470,720,3680,1430.0,2040.0,4880.0,5970.0,31710.0,145690.0
2.0,3.0,9.0,yasuda,2007,440,190,320,600,2030,860.0,2300.0,2970.0,3620.0,16780.0,63140.0
3.0,10.0,8.0,yasuda,2006,640,250,760,660,12770,3650.0,1490.0,7320.0,19790.0,56730.0,288270.0
7.0,10.0,5.0,yasuda,2005,1230,420,640,390,13990,4270.0,2540.0,4540.0,24640.0,80600.0,465840.0
4.0,6.0,1.0,yasuda,2003,940,360,600,170,10890,3470.0,940.0,1900.0,22100.0,18210.0,
7.0,2.0,4.0,yasuda,2002,1580,490,210,290,5800,1980.0,2160.0,980.0,,,
9.0,15.0,7.0,yasuda,2001,2010,570,2510,600,120600,16800.0,3560.0,13050.0,,,
10.0,6.0,3.0,yasuda,2000,3990,830,320,370,14700,3780.0,4270.0,1790.0,,,
4.0,1.0,3.0,yasuda,1999,1770,190,110,190,650,,,,,,
1.0,8.0,17.0,yasuda,1998,130,110,610,1260,1860,,,,,,
1.0,5.0,3.0,yasuda,1997,230,120,260,230,1360,,,,,,
1.0,3.0,12.0,yasuda,1996,340,140,160,650,1060,,,,,,
4.0,1.0,6.0,yasuda,1995,1030,270,160,340,2410,,,,,,
5.0,10.0,4.0,yasuda,1994,700,260,1030,230,14210,,,,,,
1.0,10.0,2.0,takara,2023,130,110,560,170,2340,970.0,240.0,2930.0,2660.0,4030.0,13630.0
2.0,5.0,4.0,takara,2022,420,180,250,240,2060,780.0,710.0,840.0,3420.0,5150.0,25220.0
1.0,7.0,2.0,takara,2021,180,110,350,140,2780,920.0,200.0,1170.0,3930.0,2200.0,13340.0
2.0,6.0,12.0,takara,2020,410,180,370,1280,3410,790.0,3910.0,12070.0,5350.0,51240.0,183870.0
3.0,1.0,6.0,takara,2019,540,180,140,260,970,340.0,760.0,630.0,2210.0,2720.0,14560.0
7.0,10.0,12.0,takara,2018,1310,390,550,790,9200,3450.0,3540.0,7160.0,19630.0,93450.0,492560.0
3.0,5.0,4.0,takara,2017,900,480,550,450,5250,1500.0,1170.0,1060.0,10330.0,10670.0,70420.0
8.0,1.0,2.0,takara,2016,2510,350,110,150,2440,770.0,1150.0,250.0,8460.0,2800.0,26250.0
6.0,10.0,11.0,takara,2015,1420,470,640,1630,12900,3490.0,11080.0,10140.0,19250.0,157770.0,528510.0
1.0,9.0,8.0,takara,2014,270,170,810,820,8990,2130.0,2630.0,9110.0,10210.0,57870.0,251440.0
2.0,5.0,1.0,takara,2013,290,140,370,120,5150,850.0,210.0,860.0,6180.0,2910.0,23420.0
1.0,2.0,6.0,takara,2012,320,180,170,230,1010,520.0,990.0,650.0,1760.0,3230.0,11550.0
6.0,1.0,3.0,takara,2011,1360,240,120,160,1660,450.0,690.0,290.0,4740.0,2020.0,17480.0
8.0,1.0,3.0,takara,2010,3780,710,120,200,5150,1580.0,2870.0,330.0,16990.0,7920.0,77160.0
2.0,3.0,1.0,takara,2009,710,160,180,110,2630,560.0,210.0,230.0,5310.0,720.0,10630.0
5.0,1.0,11.0,takara,2008,1130,300,130,680,1080,470.0,3740.0,1420.0,3200.0,10660.0,55780.0
3.0,2.0,4.0,takara,2007,670,190,160,190,1460,520.0,510.0,460.0,3180.0,2720.0,15570.0
1.0,10.0,9.0,takara,2006,110,110,560,810,1920,910.0,1540.0,9740.0,2070.0,22370.0,43850.0
11.0,3.0,2.0,takara,2005,3850,680,400,160,11390,2920.0,1560.0,810.0,28280.0,16320.0,178840.0
6.0,8.0,4.0,takara,2003,1630,640,610,270,14080,3810.0,2020.0,1830.0,27990.0,30290.0,
1.0,4.0,3.0,takara,2002,240,130,240,290,1060,440.0,510.0,1100.0,,,
2.0,1.0,8.0,takara,2001,340,120,110,410,210,150.0,1020.0,940.0,,,
1.0,6.0,9.0,takara,2000,190,110,370,830,1190,570.0,1400.0,3550.0,,,
2.0,1.0,7.0,takara,1999,280,110,100,210,200,,,,,,
1.0,9.0,3.0,takara,1998,280,170,500,180,4590,,,,,,
1.0,3.0,4.0,takara,1997,230,120,170,260,440,,,,,,
1.0,4.0,3.0,takara,1996,200,120,210,160,890,,,,,,
2.0,5.0,6.0,takara,1995,510,210,230,280,1580,,,,,,
1.0,8.0,6.0,takara,1994,120,110,480,450,1200,,,,,,
3.0,6.0,1.0,sprinter,2023,490,180,320,140,3260,1120.0,340.0,700.0,5190.0,2310.0,17140.0
8.0,7.0,5.0,sprinter,2022,2030,470,510,560,15340,3100.0,3550.0,2960.0,36640.0,50590.0,468950.0
3.0,2.0,10.0,sprinter,2021,530,200,160,770,890,460.0,2760.0,2030.0,1910.0,9050.0,38610.0
1.0,3.0,10.0,sprinter,2020,220,140,180,680,530,310.0,2120.0,3150.0,790.0,10430.0,22540.0
2.0,3.0,1.0,sprinter,2019,290,130,180,120,1260,430.0,220.0,380.0,2040.0,1070.0,6080.0
1.0,11.0,13.0,sprinter,2018,280,150,510,1400,4140,1340.0,3740.0,13850.0,5260.0,65370.0,209620.0
1.0,5.0,7.0,sprinter,2017,320,140,300,350,1760,630.0,860.0,2100.0,2890.0,7650.0,31850.0
3.0,2.0,9.0,sprinter,2016,920,380,290,740,4490,1470.0,3470.0,3450.0,8240.0,42230.0,180060.0
1.0,11.0,9.0,sprinter,2015,440,180,610,490,5550,1650.0,1520.0,4280.0,9090.0,23020.0,106170.0
13.0,2.0,5.0,sprinter,2014,4650,650,170,380,7360,1790.0,4370.0,860.0,26040.0,19580.0,190930.0
1.0,2.0,15.0,sprinter,2013,130,110,180,1180,400,230.0,1780.0,8170.0,530.0,13070.0,28020.0
2.0,1.0,9.0,sprinter,2012,440,140,120,520,510,230.0,1600.0,1170.0,1170.0,4300.0,17540.0
3.0,9.0,7.0,sprinter,2011,1120,420,1050,610,13030,3330.0,1260.0,4690.0,30430.0,25610.0,212610.0
10.0,3.0,7.0,sprinter,2010,2930,900,240,450,9900,3600.0,6040.0,1500.0,22400.0,50860.0,358410.0
6.0,2.0,8.0,sprinter,2009,1380,430,150,470,2140,910.0,3020.0,1260.0,5630.0,11660.0,66890.0
1.0,2.0,6.0,sprinter,2008,240,130,160,250,790,310.0,460.0,730.0,1300.0,1680.0,5530.0
3.0,1.0,5.0,sprinter,2007,560,230,170,300,1180,530.0,1130.0,800.0,2490.0,3800.0,15960.0
1.0,10.0,16.0,sprinter,2006,420,180,570,3680,5920,1770.0,23110.0,26220.0,10590.0,569750.0,2637570.0
1.0,2.0,3.0,sprinter,2005,200,120,130,250,430,190.0,500.0,520.0,660.0,1180.0,3320.0
5.0,2.0,8.0,sprinter,2004,850,300,210,690,2400,1030.0,3000.0,2100.0,4010.0,22570.0,109810.0
1.0,3.0,2.0,sprinter,2002,220,110,130,140,590,240.0,230.0,320.0,960.0,810.0,
4.0,3.0,2.0,sprinter,2001,810,270,200,120,3000,1030.0,510.0,390.0,,,
16.0,1.0,2.0,sprinter,2000,25750,2190,120,130,25700,4620.0,7390.0,220.0,,,
2.0,1.0,4.0,sprinter,1999,380,130,120,200,630,280.0,450.0,480.0,,,
7.0,2.0,1.0,sprinter,1998,3760,350,220,110,15920,,,,,,
1.0,7.0,4.0,sprinter,1997,190,120,290,220,1130,,,,,,
1.0,3.0,6.0,sprinter,1996,230,130,220,230,750,,,,,,
1.0,2.0,3.0,sprinter,1995,230,120,130,210,510,,,,,,
1.0,5.0,13.0,sprinter,1994,160,120,310,1220,950,,,,,,
1.0,3.0,2.0,shuka,2023,110,100,230,170,560,310.0,240.0,1090.0,700.0,1210.0,3240.0
3.0,2.0,1.0,shuka,2022,570,150,140,130,990,360.0,320.0,300.0,2430.0,1090.0,6900.0
4.0,2.0,3.0,shuka,2021,890,260,190,240,2250,800.0,1030.0,710.0,4890.0,4190.0,26410.0
1.0,10.0,9.0,shuka,2020,140,110,540,590,2670,940.0,750.0,9310.0,3140.0,17920.0,44110.0
4.0,2.0,10.0,shuka,2019,690,240,190,550,2180,710.0,2120.0,2170.0,4950.0,15170.0,70970.0
1.0,5.0,3.0,shuka,2018,130,110,280,220,880,420.0,340.0,1500.0,1000.0,2360.0,5600.0
3.0,4.0,5.0,shuka,2017,630,220,190,270,1510,570.0,790.0,750.0,2900.0,3180.0,14760.0
3.0,4.0,8.0,shuka,2016,630,220,380,480,3550,1110.0,1790.0,2950.0,6170.0,20940.0,95520.0
1.0,5.0,8.0,shuka,2015,300,150,400,560,2790,1170.0,1560.0,4550.0,4100.0,22790.0,85610.0
3.0,1.0,4.0,shuka,2014,1010,200,110,270,630,290.0,1370.0,400.0,2050.0,1940.0,12790.0
3.0,2.0,15.0,shuka,2013,520,200,180,2260,950,500.0,9820.0,7480.0,2250.0,50030.0,233560.0
1.0,2.0,6.0,shuka,2012,130,110,130,410,250,150.0,590.0,1130.0,300.0,1990.0,3660.0
2.0,7.0,1.0,shuka,2011,310,130,360,110,3100,860.0,170.0,590.0,4250.0,1720.0,12680.0
1.0,6.0,2.0,shuka,2010,230,120,300,230,1420,570.0,400.0,1490.0,1990.0,3250.0,12550.0
11.0,8.0,16.0,shuka,2008,2990,930,610,6210,23080,6330.0,56110.0,28220.0,52130.0,1869680.0,10982020.0
2.0,7.0,1.0,shuka,2007,280,120,620,150,5880,1540.0,210.0,2140.0,7220.0,4640.0,37630.0
2.0,5.0,4.0,shuka,2006,360,190,370,340,2260,810.0,910.0,1570.0,3320.0,6550.0,25630.0
2.0,1.0,5.0,shuka,2005,250,100,100,340,180,130.0,700.0,710.0,400.0,1110.0,3580.0
2.0,5.0,10.0,shuka,2004,500,160,320,1280,2180,690.0,5010.0,8410.0,3850.0,56270.0,249510.0
1.0,3.0,7.0,shuka,2002,110,100,200,330,470,240.0,560.0,1480.0,500.0,2260.0,
1.0,2.0,3.0,shuka,2001,240,110,130,130,660,260.0,270.0,320.0,,,
10.0,7.0,5.0,shuka,2000,2710,920,710,410,30010,7100.0,4030.0,3340.0,,,
12.0,10.0,2.0,shuka,1999,5760,900,770,190,94630,,,,,,
2.0,14.0,1.0,shuka,1998,290,120,940,120,10460,,,,,,
1.0,2.0,9.0,shuka,1997,170,110,140,490,360,,,,,,
5.0,3.0,7.0,shuka,1996,1880,690,390,590,15500,,,,,,
4.0,2.0,1.0,kikka,2023,730,210,160,120,1980,660.0,400.0,260.0,4210.0,1570.0,12380.0
2.0,7.0,4.0,kikka,2022,410,160,290,330,2030,790.0,770.0,1920.0,3370.0,6440.0,30010.0
4.0,3.0,6.0,kikka,2021,800,290,210,480,2420,1050.0,2590.0,1410.0,5220.0,14610.0,79560.0
1.0,4.0,5.0,kikka,2020,110,110,350,360,910,530.0,550.0,2780.0,1010.0,3810.0,8740.0
3.0,8.0,1.0,kikka,2019,650,180,390,120,4680,1460.0,320.0,720.0,7640.0,3070.0,23510.0
7.0,2.0,10.0,kikka,2018,1450,450,160,600,2380,930.0,4610.0,1550.0,6010.0,16710.0,100590.0
1.0,10.0,13.0,kikka,2017,450,210,770,1110,10660,3730.0,4940.0,12360.0,15890.0,136350.0,559700.0
1.0,9.0,6.0,kikka,2016,230,130,500,430,3510,1080.0,950.0,5460.0,4720.0,17550.0,69380.0
5.0,2.0,1.0,kikka,2015,1340,370,170,160,3870,1300.0,1320.0,430.0,9960.0,4640.0,38880.0
3.0,4.0,7.0,kikka,2014,690,280,270,520,2640,950.0,1940.0,2160.0,4470.0,13340.0,59220.0
1.0,5.0,3.0,kikka,2013,160,110,290,310,950,470.0,560.0,1900.0,1170.0,3910.0,11750.0
1.0,5.0,7.0,kikka,2012,140,110,360,390,960,510.0,630.0,2660.0,1140.0,4830.0,12450.0
1.0,2.0,3.0,kikka,2011,140,110,140,230,330,170.0,320.0,740.0,400.0,1050.0,2190.0
7.0,1.0,13.0,kikka,2010,2320,470,130,1150,2170,850.0,9350.0,3140.0,7440.0,46410.0,338840.0
8.0,7.0,6.0,kikka,2009,1920,600,550,460,9410,2710.0,3920.0,2730.0,20140.0,46070.0,316950.0
1.0,15.0,9.0,kikka,2008,370,170,850,650,17820,4450.0,1920.0,8380.0,26980.0,92720.0,523990.0
4.0,6.0,1.0,kikka,2007,840,220,290,170,2930,960.0,550.0,810.0,6300.0,3630.0,27890.0
8.0,2.0,3.0,kikka,2006,4420,760,190,230,6480,1550.0,2410.0,540.0,24280.0,11700.0,144520.0
1.0,6.0,3.0,kikka,2005,100,100,400,190,1290,620.0,230.0,1720.0,1320.0,2730.0,7090.0
8.0,4.0,6.0,kikka,2004,4510,1010,240,410,11280,2670.0,3220.0,1170.0,36510.0,22360.0,128570.0
10.0,16.0,3.0,kikka,2002,3660,880,2250,330,96070,20170.0,3680.0,12170.0,182540.0,344630.0,
6.0,11.0,3.0,kikka,2001,1710,440,1770,230,46210,6690.0,1220.0,4910.0,,,
2.0,3.0,6.0,kikka,2000,280,150,280,490,1580,550.0,1100.0,1930.0,,,
3.0,2.0,4.0,kikka,1999,410,160,140,460,780,,,,,,
2.0,1.0,5.0,kikka,1998,430,160,110,390,510,,,,,,
3.0,7.0,2.0,kikka,1997,500,220,430,150,3970,,,,,,
1.0,6.0,2.0,kikka,1996,260,130,290,200,1760,,,,,,
3.0,9.0,7.0,kikka,1995,650,240,590,470,6330,,,,,,
1.0,2.0,3.0,kikka,1994,170,110,160,140,520,,,,,,
1.0,6.0,3.0,akiten,2023,130,110,340,200,1330,550.0,280.0,1650.0,1500.0,2180.0,6960.0
1.0,7.0,4.0,akiten,2022,260,130,470,220,3330,1210.0,320.0,2260.0,4930.0,4400.0,23370.0
3.0,1.0,2.0,akiten,2021,340,120,110,110,390,170.0,200.0,170.0,850.0,350.0,2040.0
1.0,5.0,2.0,akiten,2020,140,110,260,140,970,420.0,180.0,670.0,1180.0,960.0,4130.0
1.0,3.0,6.0,akiten,2019,160,110,260,270,920,400.0,400.0,1740.0,1170.0,3210.0,8860.0
2.0,4.0,6.0,akiten,2018,310,150,310,300,1520,640.0,690.0,1630.0,2370.0,6420.0,24230.0
1.0,2.0,13.0,akiten,2017,310,160,170,600,900,410.0,2950.0,2060.0,1660.0,15290.0,55320.0
1.0,7.0,6.0,akiten,2016,360,150,350,240,2420,900.0,630.0,1760.0,3700.0,7430.0,32400.0
1.0,10.0,6.0,akiten,2015,340,160,590,300,7340,2320.0,820.0,4620.0,10390.0,24850.0,109310.0
5.0,2.0,1.0,akiten,2014,1100,260,180,130,3140,980.0,580.0,340.0,6780.0,2850.0,23290.0
5.0,1.0,3.0,akiten,2013,1550,240,110,150,1190,410.0,590.0,210.0,4510.0,1400.0,14310.0
5.0,1.0,2.0,akiten,2012,1660,370,140,190,3250,1190.0,1350.0,380.0,8980.0,3990.0,39520.0
7.0,2.0,6.0,akiten,2011,3330,850,260,350,7020,2520.0,3950.0,1090.0,23560.0,22790.0,214010.0
1.0,4.0,2.0,akiten,2010,220,110,240,150,1030,430.0,210.0,910.0,1660.0,1680.0,7480.0
5.0,7.0,1.0,akiten,2009,1150,250,700,120,16490,3830.0,370.0,1340.0,29270.0,9970.0,102110.0
1.0,2.0,3.0,akiten,2008,270,120,130,150,550,220.0,280.0,360.0,1050.0,710.0,3250.0
1.0,7.0,6.0,akiten,2007,290,150,780,690,4970,1690.0,1610.0,7240.0,6730.0,36730.0,183380.0
4.0,7.0,2.0,akiten,2006,700,240,430,240,4780,1640.0,860.0,1650.0,8690.0,9120.0,60460.0
14.0,1.0,13.0,akiten,2005,7580,1350,130,970,12340,3550.0,14660.0,2290.0,47290.0,141100.0,1226130.0
1.0,13.0,9.0,akiten,2004,340,140,1030,560,8210,2360.0,1370.0,5070.0,12240.0,34230.0,207930.0
3.0,2.0,4.0,akiten,2002,650,200,190,200,1720,700.0,1040.0,910.0,4020.0,5640.0,
4.0,1.0,2.0,akiten,2001,2000,390,120,130,2790,850.0,890.0,180.0,,,
1.0,2.0,5.0,akiten,2000,240,130,150,280,490,260.0,740.0,820.0,,,
4.0,12.0,5.0,akiten,1999,680,340,670,340,15770,,,,,,
6.0,4.0,5.0,akiten,1998,4240,580,300,450,12210,,,,,,
2.0,1.0,3.0,akiten,1997,400,130,100,180,290,,,,,,
3.0,4.0,1.0,akiten,1996,740,200,210,130,2500,,,,,,
2.0,4.0,9.0,akiten,1995,530,190,210,520,1590,,,,,,
3.0,8.0,11.0,akiten,1994,860,300,690,940,8860,,,,,,
1.0,5.0,3.0,eliza,2023,240,130,290,180,1580,630.0,380.0,1160.0,2210.0,2910.0,9780.0
10.0,7.0,9.0,eliza,2021,6490,1180,650,810,51870,9600.0,15440.0,7450.0,137500.0,282710.0,3393960.0
1.0,5.0,3.0,eliza,2020,330,150,280,200,2290,930.0,490.0,1460.0,3610.0,4260.0,21050.0
3.0,7.0,1.0,eliza,2019,540,190,330,140,3380,970.0,430.0,940.0,5440.0,4060.0,26480.0
3.0,9.0,1.0,eliza,2018,470,170,570,150,9800,2630.0,360.0,1590.0,12450.0,8660.0,56370.0
5.0,9.0,3.0,eliza,2017,770,260,630,240,8030,2160.0,870.0,2930.0,15890.0,20760.0,127540.0
3.0,12.0,2.0,eliza,2016,610,230,1200,150,13710,3670.0,520.0,4640.0,22570.0,20680.0,158930.0
6.0,1.0,4.0,eliza,2015,1520,320,130,210,1860,680.0,1340.0,440.0,4730.0,3770.0,23590.0
3.0,1.0,6.0,eliza,2014,680,190,140,320,970,390.0,1240.0,770.0,2140.0,3030.0,15570.0
2.0,6.0,5.0,eliza,2013,390,200,530,470,2780,1330.0,1430.0,3940.0,4480.0,14440.0,64840.0
7.0,1.0,5.0,eliza,2012,2300,380,120,360,1790,670.0,2780.0,530.0,6630.0,6110.0,50810.0
1.0,2.0,4.0,eliza,2011,270,140,150,280,700,280.0,800.0,810.0,1160.0,2520.0,9430.0
4.0,2.0,1.0,eliza,2010,850,220,120,120,1430,540.0,500.0,210.0,3590.0,1320.0,10170.0
11.0,12.0,1.0,eliza,2009,7710,1410,2150,110,102030,23310.0,2730.0,4910.0,250910.0,157480.0,1545760.0
4.0,1.0,2.0,eliza,2008,1320,250,110,170,1010,410.0,1030.0,210.0,3450.0,1660.0,12690.0
1.0,3.0,2.0,eliza,2007,190,110,210,210,850,340.0,350.0,790.0,1160.0,1610.0,6290.0
2.0,5.0,4.0,eliza,2005,280,150,380,360,1650,670.0,570.0,1480.0,2420.0,4180.0,17500.0
2.0,5.0,4.0,eliza,2004,330,160,460,250,3270,1210.0,610.0,1620.0,5540.0,8420.0,53750.0
2.0,1.0,10.0,eliza,2003,360,140,140,910,530,280.0,2990.0,2830.0,1070.0,9570.0,
1.0,2.0,4.0,eliza,2002,120,100,140,150,360,190.0,220.0,430.0,410.0,650.0,
4.0,2.0,5.0,eliza,2001,590,240,190,280,2050,830.0,1070.0,940.0,,,
3.0,1.0,10.0,eliza,2000,640,250,130,640,1110,540.0,3570.0,1590.0,,,
2.0,7.0,5.0,eliza,1999,390,170,570,430,5270,,,,,,
2.0,5.0,1.0,eliza,1998,460,130,260,100,3890,,,,,,
3.0,1.0,8.0,eliza,1997,880,200,110,420,600,,,,,,
1.0,3.0,11.0,eliza,1996,240,130,210,1150,960,,,,,,
10.0,5.0,2.0,eliza,1995,2650,820,300,240,10600,,,,,,
1.0,2.0,4.0,eliza,1994,180,110,160,190,650,,,,,,
5.0,3.0,7.0,milec,2023,1730,510,250,590,4440,1820.0,5140.0,1780.0,10490.0,30930.0,176490.0
6.0,8.0,2.0,milec,2022,920,330,520,220,11870,2980.0,1170.0,2240.0,19920.0,20530.0,142650.0
1.0,2.0,5.0,milec,2021,170,110,140,300,370,190.0,630.0,970.0,540.0,1960.0,5460.0
1.0,3.0,5.0,milec,2020,160,110,190,200,620,280.0,320.0,830.0,790.0,1610.0,4480.0
3.0,1.0,6.0,milec,2019,640,190,130,290,840,370.0,1090.0,570.0,2040.0,3200.0,16580.0
5.0,3.0,4.0,milec,2018,870,310,230,240,3220,1140.0,1130.0,670.0,6350.0,5480.0,29790.0
4.0,2.0,7.0,milec,2017,880,290,180,430,2480,1000.0,2100.0,1240.0,5520.0,9300.0,55890.0
3.0,2.0,7.0,milec,2016,590,230,180,440,1590,600.0,2100.0,1220.0,3390.0,8360.0,40290.0
4.0,2.0,1.0,milec,2015,570,210,150,130,1780,690.0,590.0,300.0,3400.0,2000.0,12000.0
8.0,3.0,9.0,milec,2014,1810,390,200,600,3890,1160.0,4320.0,1990.0,11460.0,25760.0,193290.0
2.0,3.0,1.0,milec,2013,470,180,210,140,1930,800.0,390.0,450.0,3250.0,2090.0,12450.0
4.0,1.0,5.0,milec,2012,1050,370,180,330,2520,1190.0,2750.0,890.0,5560.0,9230.0,58050.0
5.0,11.0,4.0,milec,2011,980,310,880,270,12800,3440.0,1190.0,4180.0,24580.0,38920.0,279410.0
13.0,1.0,6.0,milec,2010,5240,1070,160,380,14240,3740.0,10900.0,920.0,40970.0,53970.0,473970.0
1.0,14.0,2.0,milec,2009,230,120,690,290,6690,1960.0,550.0,5890.0,9640.0,20730.0,106680.0
4.0,1.0,10.0,milec,2008,1060,270,120,600,990,410.0,4020.0,1420.0,2730.0,11700.0,53980.0
1.0,4.0,5.0,milec,2007,380,170,240,290,1870,810.0,810.0,1370.0,3120.0,5000.0,24050.0
1.0,3.0,8.0,milec,2006,230,120,180,500,650,280.0,1000.0,2630.0,940.0,5440.0,15350.0
3.0,4.0,2.0,milec,2005,1180,310,360,230,3580,1150.0,940.0,1170.0,8040.0,7960.0,63020.0
1.0,4.0,5.0,milec,2004,270,130,200,290,1050,470.0,610.0,1340.0,1590.0,3330.0,13280.0
11.0,3.0,15.0,milec,2002,2380,710,380,2090,15530,4650.0,16560.0,11040.0,36370.0,379390.0,
4.0,2.0,10.0,milec,2001,780,310,240,780,2610,1110.0,3720.0,2600.0,,,
13.0,1.0,12.0,milec,2000,5570,1140,220,1120,18050,3880.0,19040.0,4180.0,,,
1.0,4.0,2.0,milec,1999,220,110,230,130,1110,,,,,,
1.0,6.0,9.0,milec,1998,130,110,380,440,1290,,,,,,
2.0,5.0,3.0,milec,1997,380,160,400,200,2760,,,,,,
1.0,8.0,15.0,milec,1996,490,220,490,2260,2980,,,,,,
4.0,16.0,2.0,milec,1995,850,290,2120,170,104390,,,,,,
1.0,2.0,3.0,milec,1994,170,100,120,170,260,,,,,,
1.0,2.0,5.0,japanc,2023,130,110,110,210,180,130.0,310.0,440.0,260.0,600.0,1130.0
3.0,1.0,4.0,japanc,2022,450,160,140,240,940,380.0,560.0,530.0,1920.0,2360.0,9850.0
1.0,3.0,2.0,japanc,2021,160,110,140,120,530,210.0,150.0,330.0,670.0,510.0,1780.0
1.0,2.0,3.0,japanc,2020,220,110,110,120,330,170.0,190.0,220.0,610.0,300.0,1340.0
3.0,5.0,2.0,japanc,2019,510,180,280,170,2900,880.0,490.0,700.0,4810.0,2900.0,19850.0
1.0,4.0,2.0,japanc,2018,140,110,160,150,590,230.0,240.0,470.0,700.0,960.0,2690.0
5.0,2.0,1.0,japanc,2017,1330,190,140,120,1770,460.0,350.0,230.0,5250.0,1300.0,13340.0
1.0,5.0,6.0,japanc,2016,380,150,290,330,2570,910.0,930.0,2070.0,3990.0,8050.0,36260.0
4.0,7.0,1.0,japanc,2015,920,220,380,130,10160,1960.0,410.0,890.0,18510.0,6350.0,53920.0
4.0,3.0,6.0,japanc,2014,890,320,320,410,4120,1780.0,2170.0,1980.0,7800.0,19750.0,91790.0
1.0,7.0,11.0,japanc,2013,210,120,510,1220,2500,950.0,2890.0,20770.0,3330.0,63800.0,224580.0
3.0,1.0,2.0,japanc,2012,660,170,120,140,700,320.0,470.0,230.0,1580.0,1010.0,5550.0
2.0,6.0,14.0,japanc,2011,340,140,430,1660,2300,980.0,3800.0,15860.0,4180.0,80880.0,324680.0
1.0,2.0,6.0,japanc,2009,360,140,160,260,1020,360.0,600.0,770.0,2020.0,2460.0,11690.0
9.0,1.0,2.0,japanc,2008,4100,710,130,140,7620,1770.0,2260.0,230.0,25160.0,6410.0,68950.0
5.0,4.0,1.0,japanc,2007,1090,240,180,110,3660,830.0,360.0,230.0,8100.0,1450.0,15980.0
1.0,5.0,3.0,japanc,2006,130,110,210,190,750,270.0,280.0,840.0,860.0,1400.0,3830.0
3.0,2.0,1.0,japanc,2005,1060,260,180,110,3310,1130.0,450.0,310.0,6330.0,1850.0,15450.0
1.0,2.0,7.0,japanc,2004,270,130,220,340,1040,460.0,730.0,1630.0,1810.0,3460.0,14770.0
9.0,11.0,1.0,japanc,2002,2050,550,910,160,25600,7220.0,1360.0,3040.0,45850.0,35730.0,
2.0,1.0,5.0,japanc,2001,420,160,130,340,710,340.0,1190.0,790.0,,,
1.0,5.0,2.0,japanc,2000,150,110,240,210,810,410.0,390.0,1100.0,,,
2.0,12.0,7.0,japanc,1999,340,160,1580,600,23190,,,,,,
3.0,2.0,1.0,japanc,1998,600,200,150,130,1980,,,,,,
3.0,2.0,1.0,japanc,1997,460,160,140,140,860,,,,,,
4.0,7.0,10.0,japanc,1996,760,360,560,150,5100,,,,,,
6.0,2.0,7.0,japanc,1995,1450,440,170,380,3310,,,,,,
6.0,2.0,8.0,japanc,1994,1060,320,210,340,3090,,,,,,
1.0,12.0,9.0,champc,2023,380,210,1820,890,29040,8660.0,4720.0,29790.0,32020.0,469320.0,1902720.0
3.0,4.0,6.0,champc,2022,790,260,360,400,4850,1330.0,1290.0,1920.0,10130.0,14020.0,81360.0
1.0,3.0,14.0,champc,2021,330,140,150,1150,610,280.0,4570.0,5540.0,1100.0,17650.0,52660.0
4.0,3.0,10.0,champc,2020,1330,320,390,1490,4010,770.0,3970.0,3740.0,11170.0,35310.0,206940.0
2.0,1.0,3.0,champc,2019,440,170,130,190,960,380.0,670.0,410.0,1820.0,1900.0,8980.0
1.0,8.0,3.0,champc,2018,190,110,440,200,3000,930.0,320.0,2140.0,3890.0,6090.0,27310.0
8.0,1.0,9.0,champc,2017,1300,500,230,560,4140,1830.0,4060.0,2380.0,9400.0,27350.0,158490.0
6.0,1.0,10.0,champc,2016,1590,250,130,650,1390,490.0,3420.0,1530.0,4800.0,11180.0,85980.0
12.0,3.0,5.0,champc,2015,6640,1180,200,370,11040,3290.0,6620.0,930.0,36260.0,27320.0,318430.0
2.0,8.0,3.0,champc,2014,590,190,440,270,5470,1470.0,720.0,2400.0,9020.0,11730.0,70890.0
3.0,6.0,1.0,champc,2013,840,250,260,110,4850,1360.0,380.0,340.0,9810.0,2160.0,24440.0
6.0,3.0,9.0,champc,2012,1990,500,260,820,4290,1260.0,3770.0,2790.0,11620.0,30010.0,165230.0
1.0,5.0,2.0,champc,2011,200,110,280,120,1750,530.0,140.0,530.0,2180.0,920.0,6180.0
1.0,8.0,11.0,champc,2010,350,160,660,530,4350,1500.0,1140.0,5270.0,6310.0,20840.0,94860.0
1.0,5.0,12.0,champc,2009,310,150,390,890,1940,870.0,2340.0,5720.0,3160.0,32660.0,131960.0
4.0,7.0,1.0,champc,2008,980,300,500,120,11710,3090.0,500.0,890.0,21570.0,7090.0,69460.0
1.0,6.0,7.0,champc,2007,230,130,250,420,1350,450.0,670.0,1850.0,1800.0,4400.0,16310.0
7.0,1.0,8.0,champc,2006,1520,440,120,340,1550,630.0,2620.0,590.0,3720.0,5590.0,30630.0
1.0,11.0,13.0,champc,2005,210,130,910,1450,5900,1960.0,3480.0,15600.0,6980.0,98000.0,371790.0
4.0,1.0,7.0,champc,2004,1200,180,110,360,640,270.0,1570.0,650.0,2630.0,2820.0,27140.0
5.0,13.0,1.0,champc,2002,2080,380,1290,130,60100,11280.0,940.0,4280.0,120240.0,52270.0,
1.0,3.0,4.0,champc,2001,170,110,130,200,540,260.0,430.0,610.0,,,
4.0,5.0,6.0,champc,2000,580,210,350,610,3240,1060.0,1860.0,2600.0,,,
3.0,5.0,2.0,hanshinjf,2023,590,210,270,180,2330,890.0,620.0,770.0,4350.0,3680.0,21530.0
1.0,12.0,10.0,hanshinjf,2022,260,140,910,560,7550,2540.0,1580.0,15800.0,9980.0,64960.0,178460.0
3.0,8.0,4.0,hanshinjf,2021,560,190,770,240,12470,2580.0,620.0,3440.0,16540.0,16850.0,114300.0
1.0,2.0,6.0,hanshinjf,2020,320,150,170,450,690,340.0,1200.0,1640.0,1290.0,5020.0,17260.0
4.0,6.0,3.0,hanshinjf,2019,1120,310,670,170,10000,2480.0,510.0,1210.0,20410.0,8560.0,86720.0
1.0,2.0,4.0,hanshinjf,2018,260,120,140,160,640,270.0,320.0,430.0,1190.0,1310.0,5020.0
2.0,3.0,4.0,hanshinjf,2017,410,140,180,240,920,390.0,560.0,800.0,1820.0,2160.0,8560.0
1.0,2.0,3.0,hanshinjf,2016,280,120,120,170,510,240.0,430.0,350.0,900.0,1210.0,4250.0
1.0,10.0,3.0,hanshinjf,2015,250,120,460,240,3500,1040.0,440.0,3140.0,4950.0,7640.0,39480.0
5.0,2.0,4.0,hanshinjf,2014,980,260,170,230,2200,780.0,990.0,570.0,5110.0,3530.0,22780.0
5.0,1.0,8.0,hanshinjf,2013,1460,340,120,460,1240,570.0,2660.0,860.0,4250.0,6220.0,42130.0
5.0,15.0,10.0,hanshinjf,2012,810,300,2430,1460,35990,9190.0,5710.0,32480.0,62100.0,490320.0,3047070.0
4.0,8.0,1.0,hanshinjf,2011,680,280,330,210,4870,1820.0,810.0,1410.0,8270.0,9370.0,62850.0
1.0,4.0,8.0,hanshinjf,2010,160,110,330,740,1260,450.0,1230.0,4230.0,1490.0,9200.0,24540.0
2.0,5.0,6.0,hanshinjf,2009,460,190,260,300,2050,780.0,870.0,1140.0,3710.0,5980.0,27670.0
1.0,3.0,4.0,hanshinjf,2008,220,120,220,310,1090,420.0,560.0,1430.0,1620.0,3270.0,11760.0
3.0,8.0,2.0,hanshinjf,2007,660,260,490,210,5440,1620.0,880.0,1920.0,9100.0,13320.0,65920.0
4.0,1.0,2.0,hanshinjf,2006,1110,210,110,210,900,420.0,960.0,360.0,2860.0,1780.0,14240.0
8.0,9.0,2.0,hanshinjf,2005,2260,570,720,210,19200,5470.0,1730.0,1900.0,44990.0,32830.0,310290.0
8.0,3.0,1.0,hanshinjf,2004,2230,350,300,120,8520,2260.0,670.0,580.0,20210.0,5450.0,69050.0
1.0,11.0,6.0,hanshinjf,2002,150,120,710,380,4880,1790.0,790.0,6270.0,5570.0,19720.0,
7.0,9.0,2.0,hanshinjf,2001,1800,520,940,220,25350,5120.0,1680.0,2730.0,,,
1.0,6.0,7.0,hanshinjf,2000,430,180,430,390,3140,1390.0,1430.0,2190.0,,,
1.0,3.0,2.0,hanshinjf,1999,420,170,170,150,1330,590.0,580.0,540.0,,,
3.0,11.0,1.0,hanshinjf,1998,520,190,820,150,15430,,,,,,
7.0,6.0,8.0,hanshinjf,1997,1390,380,390,530,6000,,,,,,
2.0,3.0,5.0,hanshinjf,1996,580,180,190,280,1550,,,,,,
4.0,3.0,1.0,hanshinjf,1995,870,250,160,120,2790,,,,,,
1.0,4.0,2.0,hanshinjf,1994,120,110,190,130,680,,,,,,
1.0,4.0,5.0,asahifs,2023,270,130,280,320,1280,520.0,590.0,1720.0,1990.0,3540.0,12910.0
1.0,2.0,3.0,asahifs,2022,310,130,140,210,550,260.0,520.0,490.0,1070.0,1280.0,4570.0
3.0,1.0,4.0,asahifs,2021,780,200,120,230,1060,420.0,1070.0,410.0,3000.0,2350.0,14840.0
7.0,2.0,1.0,asahifs,2020,1750,320,170,130,5000,1280.0,670.0,380.0,14610.0,4150.0,51360.0
1.0,2.0,14.0,asahifs,2019,200,120,190,2360,660,310.0,6240.0,13830.0,950.0,38080.0,90260.0
2.0,9.0,1.0,asahifs,2018,460,130,490,110,9710,1560.0,180.0,1080.0,14240.0,3340.0,45180.0
1.0,3.0,2.0,asahifs,2017,230,110,140,130,550,230.0,210.0,330.0,840.0,700.0,2630.0
6.0,7.0,12.0,asahifs,2016,1420,390,410,910,5980,1690.0,4240.0,4090.0,11430.0,42820.0,221200.0
2.0,1.0,11.0,asahifs,2015,590,180,110,780,520,260.0,5170.0,1610.0,1340.0,8160.0,38560.0
1.0,14.0,3.0,asahifs,2014,460,190,1060,180,14050,4030.0,440.0,4520.0,20260.0,20560.0,133570.0
4.0,6.0,5.0,asahifs,2013,870,390,470,400,7710,2400.0,1890.0,2060.0,13000.0,27430.0,162960.0
7.0,1.0,3.0,asahifs,2012,3450,450,110,280,1560,660.0,2270.0,360.0,7770.0,4530.0,54880.0
1.0,4.0,8.0,asahifs,2011,310,160,270,390,1520,630.0,1160.0,2680.0,2180.0,8540.0,30630.0
5.0,4.0,2.0,asahifs,2010,1460,430,350,250,4990,1740.0,1360.0,860.0,11750.0,8830.0,67910.0
1.0,2.0,5.0,asahifs,2009,230,120,160,290,590,260.0,580.0,810.0,980.0,1820.0,6720.0
2.0,5.0,1.0,asahifs,2008,540,210,190,160,1960,750.0,500.0,470.0,3680.0,2580.0,17230.0
3.0,10.0,4.0,asahifs,2007,620,260,730,330,8290,2590.0,1220.0,3250.0,13340.0,23810.0,139620.0
2.0,7.0,1.0,asahifs,2006,670,170,270,120,3750,1010.0,310.0,460.0,6730.0,2020.0,18250.0
2.0,5.0,1.0,asahifs,2005,320,120,320,110,2500,700.0,170.0,680.0,2820.0,1680.0,11090.0
2.0,3.0,1.0,asahifs,2004,530,160,180,130,1530,570.0,430.0,370.0,3120.0,1560.0,8700.0
8.0,1.0,5.0,asahifs,2002,2130,570,150,230,4810,1890.0,2250.0,570.0,14610.0,9620.0,
1.0,2.0,9.0,asahifs,2001,210,130,190,660,760,380.0,1870.0,2320.0,,,
10.0,1.0,4.0,asahifs,2000,4050,810,150,220,8860,2180.0,3400.0,570.0,,,
4.0,1.0,3.0,asahifs,1999,850,270,140,160,1620,690.0,900.0,440.0,,,
1.0,2.0,4.0,asahifs,1998,330,120,140,220,620,,,,,,
1.0,6.0,2.0,asahifs,1997,130,100,240,150,870,,,,,,
2.0,8.0,7.0,asahifs,1996,440,190,520,430,6330,,,,,,
1.0,2.0,4.0,asahifs,1995,260,120,130,180,590,,,,,,
1.0,2.0,4.0,asahifs,1994,150,100,110,150,280,,,,,,
1.0,2.0,13.0,arima,2023,310,140,140,1350,530,280.0,5130.0,5390.0,1150.0,18800.0,56240.0
14.0,7.0,6.0,arima,2022,9060,1410,390,480,64580,13070.0,10940.0,3350.0,175230.0,232970.0,2466010.0
2.0,4.0,8.0,arima,2021,310,140,240,490,1270,510.0,1100.0,2270.0,2160.0,7680.0,27610.0
1.0,3.0,4.0,arima,2020,210,110,180,280,680,310.0,590.0,860.0,910.0,1900.0,5560.0
1.0,3.0,2.0,arima,2019,200,110,140,110,810,300.0,170.0,270.0,1170.0,580.0,2760.0
1.0,2.0,3.0,arima,2018,180,110,150,140,640,260.0,250.0,560.0,840.0,1130.0,3650.0
1.0,4.0,8.0,arima,2017,420,160,230,490,1440,570.0,1400.0,2840.0,2960.0,10920.0,52380.0
1.0,8.0,2.0,arima,2016,150,110,400,150,2380,750.0,230.0,2120.0,2670.0,3600.0,15250.0
3.0,1.0,2.0,arima,2015,740,180,110,120,1220,400.0,450.0,170.0,2850.0,840.0,7790.0
2.0,8.0,9.0,arima,2014,450,220,660,680,9330,3060.0,2720.0,7090.0,15000.0,76660.0,345220.0
7.0,8.0,1.0,arima,2013,1370,340,470,160,10460,2410.0,700.0,1480.0,25580.0,10830.0,97270.0
4.0,3.0,2.0,arima,2011,1000,270,190,170,3100,750.0,840.0,360.0,6590.0,3010.0,30970.0
4.0,2.0,5.0,arima,2010,690,220,160,320,1400,610.0,990.0,820.0,3290.0,5310.0,27670.0
1.0,2.0,7.0,arima,2009,160,110,150,450,450,220.0,630.0,2040.0,610.0,2190.0,7040.0
2.0,1.0,7.0,arima,2008,580,130,110,390,230,150.0,1030.0,440.0,920.0,1870.0,11050.0
4.0,1.0,6.0,arima,2007,730,240,160,400,1630,570.0,1520.0,1070.0,3490.0,2890.0,42180.0
1.0,3.0,2.0,arima,2006,180,100,150,120,560,200.0,150.0,350.0,880.0,660.0,2370.0
2.0,1.0,9.0,arima,2005,370,130,120,490,400,190.0,1450.0,820.0,930.0,1230.0,13110.0
2.0,1.0,3.0,arima,2004,450,110,100,150,320,140.0,300.0,200.0,940.0,380.0,2720.0
4.0,2.0,3.0,arima,2003,900,200,150,200,1360,530.0,820.0,460.0,4080.0,3220.0,
2.0,7.0,3.0,arima,2002,520,170,480,270,5130,1270.0,510.0,2080.0,10010.0,9170.0,
6.0,4.0,1.0,arima,2001,5030,630,180,110,13150,2420.0,1090.0,260.0,,,
2.0,3.0,1.0,arima,2000,450,110,130,100,1510,210.0,140.0,150.0,,,
2.0,5.0,1.0,arima,1999,420,170,250,140,2360,850.0,370.0,530.0,,,
1.0,2.0,3.0,arima,1998,210,100,110,180,270,,,,,,
2.0,1.0,3.0,arima,1997,350,110,100,130,260,,,,,,
2.0,3.0,1.0,arima,1996,390,150,160,140,1000,,,,,,
4.0,1.0,2.0,arima,1995,940,250,130,150,1230,,,,,,
2.0,1.0,5.0,arima,1994,270,110,100,280,190,,,,,,
2.0,7.0,6.0,hopeful,2023,520,230,240,330,2730,930.0,1210.0,1720.0,4380.0,8050.0,42110.0
1.0,6.0,3.0,hopeful,2022,230,120,270,200,1320,500.0,340.0,1030.0,1770.0,2520.0,9740.0
1.0,5.0,2.0,hopeful,2021,210,110,280,130,1740,540.0,170.0,730.0,2070.0,1440.0,7180.0
1.0,11.0,2.0,hopeful,2020,250,130,770,160,10330,2320.0,270.0,2550.0,11360.0,7370.0,50150.0
2.0,3.0,4.0,hopeful,2019,670,210,270,390,2990,850.0,1450.0,2000.0,6130.0,10750.0,57860.0
3.0,1.0,9.0,hopeful,2018,890,270,130,370,940,460.0,2560.0,690.0,2400.0,4910.0,25340.0
1.0,8.0,3.0,hopeful,2017,190,120,550,180,3170,1180.0,280.0,2760.0,3810.0,5420.0,25040.0
1.0,2.0,3.0,hopeful,2016,260,120,120,200,440,200.0,450.0,420.0,770.0,1050.0,3940.0
8.0,5.0,4.0,hopeful,2015,1700,410,290,340,6840,1760.0,2300.0,1720.0,13780.0,20360.0,125870.0
4.0,9.0,1.0,hopeful,2014,870,280,500,160,12350,3390.0,850.0,1190.0,21190.0,15250.0,109590.0
1.0,4.0,2.0,hopeful,2013,160,110,250,170,860,350.0,250.0,950.0,1020.0,1420.0,5240.0
1.0,10.0,2.0,hopeful,2012,270,130,530,140,3730,1250.0,240.0,1360.0,5200.0,4020.0,24250.0
1.0,7.0,9.0,hopeful,2011,220,140,490,740,3170,1020.0,1660.0,5630.0,3650.0,24290.0,78260.0
2.0,1.0,14.0,hopeful,2010,840,200,110,1260,550,270.0,5680.0,2430.0,1640.0,11610.0,60770.0
2.0,1.0,11.0,hopeful,2009,400,150,140,380,740,320.0,830.0,1400.0,1510.0,5460.0,18890.0
1.0,14.0,10.0,hopeful,2008,260,130,2280,600,29490,7160.0,1360.0,28200.0,33490.0,192500.0,985580.0
9.0,5.0,6.0,hopeful,2007,5230,1030,370,530,22190,5240.0,5500.0,1520.0,69020.0,73320.0,800880.0
1.0,6.0,3.0,hopeful,2006,120,100,360,230,1070,570.0,330.0,1840.0,1210.0,2890.0,9680.0
4.0,1.0,6.0,hopeful,2005,1710,260,120,330,750,410.0,1610.0,490.0,3320.0,2970.0,30500.0
1.0,3.0,9.0,hopeful,2004,200,120,270,360,1240,570.0,690.0,1750.0,1860.0,5860.0,24760.0
3.0,13.0,6.0,hopeful,2001,710,290,2560,530,48650,9640.0,1720.0,15050.0,,,
1.0,2.0,13.0,hopeful,2000,170,120,170,770,380,230.0,1730.0,2900.0,,,
1.0,2.0,5.0,hopeful,1999,280,140,140,260,470,240.0,620.0,750.0,,,
4.0,3.0,11.0,hopeful,1998,1450,620,200,660,4430,,,,,,
4.0,1.0,2.0,hopeful,1997,810,220,140,150,1240,,,,,,
1.0,3.0,14.0,hopeful,1996,220,130,220,1930,900,,,,,,
6.0,5.0,4.0,hopeful,1995,1300,400,300,340,4770,,,,,,
1.0,6.0,4.0,hopeful,1994,120,110,290,430,820,,,,,,
